{"cameraMode":{"drawMode":0,"name":"Shaded","section":"Shading Mode"},"sceneLighting":false,"audioPlay":false,"sceneViewState":{"m_AlwaysRefresh":false,"showFog":true,"showSkybox":false,"showFlares":true,"showImageEffects":true,"showParticleSystems":true,"showVisualEffectGraphs":true,"m_FxEnabled":true},"in2DMode":false,"pivot":{"x":-0.9026334285736084,"y":1.1043356657028199,"z":1.9862613677978516},"rotation":{"x":-0.16873201727867127,"y":-0.17203891277313233,"z":0.029924100264906884,"w":-0.9700928926467896},"size":1.299038052558899,"orthographic":false}