{"cameraMode":{"drawMode":0,"name":"Shaded","section":"Shading Mode"},"sceneLighting":false,"audioPlay":false,"sceneViewState":{"m_AlwaysRefresh":false,"showFog":true,"showSkybox":false,"showFlares":true,"showImageEffects":true,"showParticleSystems":true,"showVisualEffectGraphs":true,"m_FxEnabled":true},"in2DMode":false,"pivot":{"x":-2.276855230331421,"y":1.8146864175796509,"z":1.1428850889205933},"rotation":{"x":0.19177795946598054,"y":0.04950319230556488,"z":-0.009657458402216435,"w":0.9801936149597168},"size":0.5173555016517639,"orthographic":false}