{"cameraMode":{"drawMode":0,"name":"Shaded","section":"Shading Mode"},"sceneLighting":false,"audioPlay":false,"sceneViewState":{"m_AlwaysRefresh":false,"showFog":true,"showSkybox":false,"showFlares":true,"showImageEffects":true,"showParticleSystems":true,"showVisualEffectGraphs":true,"m_FxEnabled":true},"in2DMode":false,"pivot":{"x":0.022952299565076829,"y":0.46820610761642458,"z":-0.19089467823505402},"rotation":{"x":0.5114250183105469,"y":0.2185181975364685,"z":-0.13628333806991578,"w":0.8198909759521484},"size":1.299038052558899,"orthographic":false}